"id","app","name","applied"
1,"contenttypes","0001_initial","2019-09-02 10:42:59.061983+02"
2,"auth","0001_initial","2019-09-02 10:42:59.101586+02"
3,"admin","0001_initial","2019-09-02 10:42:59.160689+02"
4,"admin","0002_logentry_remove_auto_add","2019-09-02 10:42:59.177228+02"
5,"admin","0003_logentry_add_action_flag_choices","2019-09-02 10:42:59.185714+02"
6,"contenttypes","0002_remove_content_type_name","2019-09-02 10:42:59.204752+02"
7,"auth","0002_alter_permission_name_max_length","2019-09-02 10:42:59.210355+02"
8,"auth","0003_alter_user_email_max_length","2019-09-02 10:42:59.21912+02"
9,"auth","0004_alter_user_username_opts","2019-09-02 10:42:59.227459+02"
10,"auth","0005_alter_user_last_login_null","2019-09-02 10:42:59.236292+02"
11,"auth","0006_require_contenttypes_0002","2019-09-02 10:42:59.238408+02"
12,"auth","0007_alter_validators_add_error_messages","2019-09-02 10:42:59.24739+02"
13,"auth","0008_alter_user_username_max_length","2019-09-02 10:42:59.26073+02"
14,"auth","0009_alter_user_last_name_max_length","2019-09-02 10:42:59.269469+02"
15,"auth","0010_alter_group_name_max_length","2019-09-02 10:42:59.281684+02"
16,"auth","0011_update_proxy_permissions","2019-09-02 10:42:59.290411+02"
17,"sessions","0001_initial","2019-09-02 10:42:59.296695+02"
18,"browsertest","0001_initial","2019-09-02 11:44:11.689437+02"
19,"browsertest","0002_delete_browsertestresult","2020-02-13 16:17:27.130913+01"
20,"saveresult","0001_initial","2020-02-13 16:17:27.15773+01"
